{
    "data": {
        "Binary Exploitation": [
            {
                "category": "Binary Exploitation",
                "description": "Google akan membantu kamu\r\n\r\n`nc 54.179.211.23 11103`\r\n\r\nAuthor: Stanley (Enryu#7942)",
                "files": [
                    "/files/90bb2b40c577d6612d453a0aeeeabb00/chall?token=.eJyrViotTi2Kz0xRsjLUUSpJTcyFsdMyc1IhbONaAPO0DBs.ZG9gCw.RXREJvdPmdeey1VXUUl8x3toNZY",
                    "/files/5bc953be881a769981b8c25ebb639380/chall.c?token=.eJyrViotTi2Kz0xRsjLUUSpJTcyFsdMyc1IhbJNaAPO2DBw.ZG9gCw.bdGuh5iJjas_FkXa4jPK3buG1tM",
                    "/files/3bda0b7f5fc8c5a46a8a50c25d30f3be/libc.so.6?token=.eJyrViotTi2Kz0xRsjLUUSpJTcyFsdMyc1IhbNNaAPO4DB0.ZG9gCw.-2u1F8oTT7dMitwEPYZ5JJYT-7g",
                    "/files/a018c6586e184692a8446eda0c89a937/ld-linux-x86-64.so.2?token=.eJyrViotTi2Kz0xRsjLUUSpJTcyFsdMyc1IhbLNaAPO6DB4.ZG9gCw.mpHBQ6XTII63_B8pQ2iZmYEMuXw"
                ],
                "hints": [
                    "Apakah kalian dapat **membocorkan** sesuatu? Ada banyak jalan menuju \ud83d\udc1a ~"
                ],
                "id": 13,
                "name": "\ud83d\udc14 Soal Mudah 3",
                "points": 1000,
                "solves": 0
            },
            {
                "category": "Binary Exploitation",
                "description": "Google akan membantu kamu\r\n\r\n`nc 54.179.211.23 11102`\r\n\r\nAuthor: Stanley (Enryu#7942)",
                "files": [
                    "/files/c6059c4ed432eaacb8ea0513ca6f537c/chall?token=.eJyrViotTi2Kz0xRsjLUUSpJTcyFsdMyc1IhbMNaAPOwDBk.ZG9gCQ.3SDn6sz6BjBKbaO8tLuVdi0cM4g",
                    "/files/a03411506f836271c0b3c899c2092ede/chall.c?token=.eJyrViotTi2Kz0xRsjLUUSpJTcyFsdMyc1IhbKNaAPOyDBo.ZG9gCQ.tKrr0qs6ym-zTTR6VYZf4JppGGQ"
                ],
                "hints": [
                    "-"
                ],
                "id": 11,
                "name": "\ud83d\udc24 Soal Mudah 2",
                "points": 1000,
                "solves": 0
            },
            {
                "category": "Binary Exploitation",
                "description": "Disini kamu diberikan sebuah file binary ( ELF ) dalam bahasa pemrograman C. Kamu diminta untuk mencari sebuah celah keamanan pada sebuah file binary dan melakukan exploitasi terhadap celah kemanan yang telah ditemukan untuk mendapatkan flag. \r\n\r\nChallenge selanjutnya akan selalu sama seperti ini, semoga beruntung dah.\r\n\r\n`nc 54.179.211.23 11101`\r\n\r\nAuthor: Stanley (Enryu#7942)",
                "files": [
                    "/files/4b9bf3236949d77225a6ecacdfa2ecff/chall?token=.eJyrViotTi2Kz0xRsjLUUSpJTcyFsdMyc1LBbMtaAOfzC_A.ZG9gCQ.RsYuFEI7aPTaCnEE-l7b8ofySa4",
                    "/files/482a3b55e1f5f431e087d1108dbb513a/chall.c?token=.eJyrViotTi2Kz0xRsjLUUSpJTcyFsdMyc1IhbINaAPOuDBg.ZG9gCQ.RShK_DIeWkSvyoA_frnpld5YwYU"
                ],
                "hints": [
                    "-"
                ],
                "id": 10,
                "name": "\ud83d\udc23 Soal Mudah 1",
                "points": 1000,
                "solves": 0
            }
        ],
        "Cryptography": [
            {
                "category": "Cryptography",
                "description": "Kami baru saja membuat aplikasi **LKSVerisign** khusus untuk Anda dalam melakukan verifikasi identitas.\r\n\r\nApakah kalian dapat *mencemari* integritas itu? Dapatkah kalian menjadi **Super User** pada aplikasi kami?\r\n\r\nAnda dapat mengetes aplikasi kami secara `remote` dengan menggunakan servis `netcat` di bawah ini.\r\n\r\nAuthor: Felix (aseng#2055)",
                "files": [
                    "/files/7b4d0c287c3b904660d4271bb6d19c6c/soal.py?token=.eJyrViotTi2Kz0xRsjLUUSpJTcyFsdMyc1LBbItaAOfxC-8.ZG9gCw.7yojsnehbdxwxLzTMSugmjVMeRk"
                ],
                "hints": [
                    "Sistem DSA ini tidak memiliki verifikasi digital sama sekali, malah developernya memakai sebuah *hashing*. *Hashing* sering digunakan untuk mengecek integritas data dengan baik, tapi apa semua algoritma *hashing* itu aman untuk digunakan?"
                ],
                "id": 9,
                "name": "\ud83d\ude2b Gimmick DSA",
                "points": 1000,
                "solves": 0
            },
            {
                "category": "Cryptography",
                "description": "Yuk kita mulai menjelajahi algoritma lainnya, apakah kamu pernah mendengar tentang RSA?\r\n\r\nBoleh ditengok sejarahnya disini -> https://id.wikipedia.org/wiki/RSA\r\n\r\nAda begitu banyak implementasi RSA yang cukup \"\"lemah\"\" karena desain algoritma yang dibuat terlalu mudah ditebak atau sifatnya bisa dibalikkan kembali karena kesalahan penggunaan yang tidak mengikuti praktik yang benar.\r\n\r\nDapatkah kamu mendapatkan `FLAG`-nya kembali dengan normal? (yang sudah di enkripsi dan disimpan dalam variabel `ct`)\r\n\r\nAuthor: Felix (aseng#2055)",
                "files": [
                    "/files/4905db4dbaf2f2bb6947ca78bec77435/soal.py?token=.eJyrViotTi2Kz0xRsjLUUSpJTcyFsdMyc1LBbLNaAOftC-0.ZG9gDA.H9Xr_pwGNOtI-3OsWLc4_qMPX_c",
                    "/files/f6b1208b45acdb20df2fb398cb286288/output.txt?token=.eJyrViotTi2Kz0xRsjLUUSpJTcyFsdMyc1LBbPNaAOfvC-4.ZG9gDA.m5dhEgNdbeqEVwoDY9POixbRjIM"
                ],
                "hints": [
                    "-"
                ],
                "id": 8,
                "name": "\ud83d\udd22 16 Random Primes",
                "points": 1000,
                "solves": 0
            }
        ],
        "Digital Forensic": [
            {
                "category": "Digital Forensic",
                "description": "Baru saja aku pulang dari kantor setelah menyelesaikan kasus *hacker1337jember*, sekarang aku ditelpon lagi karena barusan seorang karyawan bernama *aseng* di kantor tertangkap basah sedang menjalankan **aktivitas ilegal** dengan rekannya di Jember juga (secara remote). **Aktivitas ilegal** tersebut bertujuan agar rekan *aseng* di Jember dapat mendapatkan informasi mengenai folder privat dan file privat milik *aseng*.\r\n\r\nHal ini diketahui oleh pihak SOC kantor karena mereka merekam traffic kantor dengan menggunakan `Wireshark`. Namun setelah dicek, sebenarnya mereka heran karena **protokol** yang biasa digunakan sungguh tidak biasa. Dapatkah kamu mendapatkan:\r\n\r\n**a) Nama Folder Privat yang dimaksud**\r\n\r\n**b) Konten yang ada di dalam file privat (di dalam folder privat)**\r\n\r\n**Gabungkan keduanya menjadi sebuah flag.**\r\n\r\nContoh:\r\n\r\na) folder_rahasia\r\n\r\nb) halo_semua_peserta_lks\r\n\r\nMaka flagnya:\r\n\r\n**folder_rahasiahalo_semua_peserta_lks**\r\n\r\nJangan lupa di-wrap dengan prefix yang sudah ditentukan oleh juri, yaitu `LKS2023Jatim{}`.\r\n\r\nNotes tambahan: Nama folder privat dan konten yang ada di dalam file privatnya memiliki bentuk seperti *strings \"alay\"*, seperti **1n1_str1ngs_4l4y**, bukan Ini_Strings.\r\n\r\nAuthor: Felix (aseng#2055)",
                "files": [
                    "/files/b0475593b902516a407667f21c45eba9/simplec2.pcapng?token=.eJyrViotTi2Kz0xRsjLUUSpJTcyFsdMyc1LBbKNaAOflC-k.ZG9gCw.W7p8kE5LupVjEClLUVmyFN17Uew"
                ],
                "hints": [
                    "-"
                ],
                "id": 2,
                "name": "\ud83d\udd0d SimpleC2",
                "points": 1000,
                "solves": 0
            },
            {
                "category": "Digital Forensic",
                "description": "Sebulan yang lalu, aku dipanggil oleh PIC Kantorku dan dikabarkan bahwa website kantor telah diretas oleh seseorang dengan inisial \"*hacker1337jember*\". \r\n\r\nDiketahui bahwa penyerang ini menyisipkan sebuah **webshell** ke dalam website kantor namun saat aku lihat, tidak ada apa-apa disana. Aku curiga bahwa dia menyisipkan **webshell-nya ke dalam default page HTML dari website kantorku**. Anehnya, penyerang itu malah meng-**kompres** seluruh isi folder website kantorku ke dalam bentuk NTFS RAR. Apa ya tujuannya?\r\n\r\nDapatkah kamu membantuku menemukan webshell-nya? \r\n\r\nCatatan: Jangan lupa saat menemukan flagnya, tolong di enkapsulasi dengan prefix format `LKS2023Jatim{}`\r\n\r\nAuthor: Felix (aseng#2055)",
                "files": [
                    "/files/f3da1bf89c0f737db07fc35c24129e4b/Website-Kantor.rar?token=.eJyrViotTi2Kz0xRsjLUUSpJTcyFsdMyc1Ih7FoA5-ML6A.ZG9gCw.hGt8rzxii0PNVKKo3smTAcY42Zc"
                ],
                "hints": [
                    "Ada fitur spesial pada WinRAR yang dapat digunakan untuk menyisipkan suatu data, kira-kira apakah fitur itu?"
                ],
                "id": 1,
                "name": "\ud83d\ude08 PHPWare",
                "points": 1000,
                "solves": 0
            }
        ],
        "Misc": [
            {
                "category": "Misc",
                "description": "Halo selamat datang di LKS Jember bidang Cybersecurity. Tugas kamu adalah untuk memenuhi objektif di setiap soal agar mendapatkan sebuah string yang disebut dengan sebuah **FLAG**.\r\n\r\nObjektif yang dimaksud bisa sangat beragam, mulai dari mengeksploitasi suatu servis, aplikasi ataupun menemukan artefak jejak digital dan sebagainya.\r\n\r\nObjektif pertamamu adalah melakukan submit FLAG langsung dari **FLAG** yang kami berikan di bawah ini:\r\n\r\n`LKSJatim2023{s3l4m4t_d4t4ng_di_LKS_Provinsi_s3moga_k4mu_masuk_LKSN_selanjutnya!_GLHF}`",
                "files": [],
                "hints": [
                    "-"
                ],
                "id": 4,
                "name": "\ud83c\udf89 Free Flag Click Here!",
                "points": 1000,
                "solves": 0
            },
            {
                "category": "Misc",
                "description": "Dapatkah kamu mendapatkan **FLAG** dari sebuah file yang aku buat bersama dengan pemrosesan\r\nprogram **Python** ini? Aku sudah mengeliminasi beberapa karakter yang tidak boleh digunakan\r\nsehingga tidak akan semudah itu kamu dapatkan!\r\n\r\nAnda dapat mengetes aplikasi kami secara `remote` dengan menggunakan servis `netcat` di bawah ini.\r\n\r\nAuthor: Felix (aseng#2055)",
                "files": [
                    "/files/b8cd7f2d7a2617f63f15032cb77a4f19/source.py?token=.eJyrViotTi2Kz0xRsjLUUSpJTcyFsdMyc1LBbCOjWgDztQwb.ZG9gDg.CVRNRxmYYujGmV1UC7nUS455m1c"
                ],
                "hints": [
                    "-"
                ],
                "id": 5,
                "name": "\ud83d\udc0d Prison Break",
                "points": 1000,
                "solves": 0
            }
        ],
        "ROOT": [
            {
                "category": "ROOT",
                "description": "",
                "files": [],
                "hints": [
                    "-"
                ],
                "id": 61,
                "name": "19216857114",
                "points": 931,
                "solves": 5
            },
            {
                "category": "ROOT",
                "description": "",
                "files": [],
                "hints": [
                    "-"
                ],
                "id": 55,
                "name": "19216857111",
                "points": 931,
                "solves": 5
            },
            {
                "category": "ROOT",
                "description": "",
                "files": [],
                "hints": [
                    "-"
                ],
                "id": 45,
                "name": "19216857106",
                "points": 956,
                "solves": 4
            },
            {
                "category": "ROOT",
                "description": "",
                "files": [],
                "hints": [
                    "-"
                ],
                "id": 41,
                "name": "19216857104",
                "points": 956,
                "solves": 4
            },
            {
                "category": "ROOT",
                "description": "",
                "files": [],
                "hints": [
                    "-"
                ],
                "id": 73,
                "name": "19216857120",
                "points": 931,
                "solves": 4
            },
            {
                "category": "ROOT",
                "description": "",
                "files": [],
                "hints": [
                    "-"
                ],
                "id": 59,
                "name": "19216857113",
                "points": 956,
                "solves": 3
            },
            {
                "category": "ROOT",
                "description": "",
                "files": [],
                "hints": [
                    "-"
                ],
                "id": 35,
                "name": "19216857101",
                "points": 956,
                "solves": 4
            },
            {
                "category": "ROOT",
                "description": "",
                "files": [],
                "hints": [
                    "-"
                ],
                "id": 53,
                "name": "19216857110",
                "points": 931,
                "solves": 5
            },
            {
                "category": "ROOT",
                "description": "",
                "files": [],
                "hints": [
                    "-"
                ],
                "id": 75,
                "name": "19216857121",
                "points": 931,
                "solves": 5
            },
            {
                "category": "ROOT",
                "description": "",
                "files": [],
                "hints": [
                    "-"
                ],
                "id": 65,
                "name": "19216857116",
                "points": 931,
                "solves": 5
            },
            {
                "category": "ROOT",
                "description": "",
                "files": [],
                "hints": [
                    "-"
                ],
                "id": 47,
                "name": "19216857107",
                "points": 975,
                "solves": 3
            },
            {
                "category": "ROOT",
                "description": "",
                "files": [],
                "hints": [
                    "-"
                ],
                "id": 57,
                "name": "19216857112",
                "points": 956,
                "solves": 4
            },
            {
                "category": "ROOT",
                "description": "",
                "files": [],
                "hints": [
                    "-"
                ],
                "id": 71,
                "name": "19216857119",
                "points": 931,
                "solves": 5
            },
            {
                "category": "ROOT",
                "description": "",
                "files": [],
                "hints": [
                    "-"
                ],
                "id": 39,
                "name": "19216857103",
                "points": 931,
                "solves": 5
            },
            {
                "category": "ROOT",
                "description": "",
                "files": [],
                "hints": [
                    "-"
                ],
                "id": 37,
                "name": "19216857102",
                "points": 989,
                "solves": 3
            },
            {
                "category": "ROOT",
                "description": "",
                "files": [],
                "hints": [
                    "-"
                ],
                "id": 69,
                "name": "19216857118",
                "points": 975,
                "solves": 4
            },
            {
                "category": "ROOT",
                "description": "",
                "files": [],
                "hints": [
                    "-"
                ],
                "id": 43,
                "name": "19216857105",
                "points": 989,
                "solves": 2
            },
            {
                "category": "ROOT",
                "description": "",
                "files": [],
                "hints": [
                    "-"
                ],
                "id": 67,
                "name": "19216857117",
                "points": 975,
                "solves": 4
            },
            {
                "category": "ROOT",
                "description": "",
                "files": [],
                "hints": [
                    "-"
                ],
                "id": 51,
                "name": "19216857109",
                "points": 931,
                "solves": 5
            },
            {
                "category": "ROOT",
                "description": "",
                "files": [],
                "hints": [
                    "-"
                ],
                "id": 49,
                "name": "19216857108",
                "points": 975,
                "solves": 3
            },
            {
                "category": "ROOT",
                "description": "",
                "files": [],
                "hints": [
                    "-"
                ],
                "id": 63,
                "name": "19216857115",
                "points": 975,
                "solves": 3
            },
            {
                "category": "ROOT",
                "description": "",
                "files": [],
                "hints": [
                    "-"
                ],
                "id": 77,
                "name": "19216857122",
                "points": 956,
                "solves": 3
            }
        ],
        "Reverse Engineering": [
            {
                "category": "Reverse Engineering",
                "description": "Program ini dibuat **sangat manja** karena dia tidak mau memberikan `FLAG` yang menjadi objektif peserta **kecuali** dijalankan di sistem operasi aneh selain **Windows**, yang padahal ekstensinya sendiri merupakan `.exe`.\r\n\r\nDapatkah kalian sebagai _reverse engineer_ yang baik membantu kami untuk mendapatkan `FLAG`-nya?\r\n\r\nJangan lupa jika kamu menemukan FLAG/jawabannya, selalu di enkapsulasi dengan `LKS2023Jatim{}`. \r\n\r\nAuthor: Felix (aseng#2055)",
                "files": [
                    "/files/75958881f81d97253261de0b7a20196d/chall_LKS.exe?token=.eJyrViotTi2Kz0xRsjLUUSpJTcyFsdMyc1LBbJNaAOfpC-s.ZG9gDw.CfSAiattyeaXhFI7CUAHr_Hswk4"
                ],
                "hints": [
                    "Objektifnya hanya menjalankan programnya dengan benar sehingga Anda dapat menerima flagnya. Objektif soal ini melibatkan sebuah **modifikasi komponen** pada sistem operasi Windows, kira-kira apa yang membuat file *executable* ini dapat mencari tahu sistem operasi Anda?"
                ],
                "id": 6,
                "name": "\ud83d\udc76 Spoiled Program",
                "points": 1000,
                "solves": 0
            },
            {
                "category": "Reverse Engineering",
                "description": "Pak Adhitya, Pak Chrisando, Pak Stanley, dan Pak Felix sedang mengoprek sebuah program aneh yang tidak menerima input dari user. Tetapi ada beberapa validasi yang memungkinkan pesertanya mendapatkan sebuah `FLAG`. \r\n\r\nNamun sayangnya tidak semudah itu. Bisakah kamu mendapatkan `FLAG`-nya dari program ini? Konon katanya hanya seseorang yang dari **masa lalu** yang dapat menjalankan program ini dan langsung mendapatkan `FLAG`-nya.\r\n\r\nJangan lupa jika Anda berhasil mendapatkan *readable* inputnya, selalu di enkapsulasi dengan `LKS2023Jatim{}` untuk memvalidasi `FLAG`-nya.\r\n\r\nAuthor: Felix (aseng#2055)",
                "files": [
                    "/files/bca87848fec4961261e013bd4e661e5e/timetraveller?token=.eJyrViotTi2Kz0xRsjLUUSpJTcyFsdMyc1LBbNNaAOfrC-w.ZG9gDw.aUW85CJDmQQRrpqiB4R5CNn6U1Q"
                ],
                "hints": [
                    "-"
                ],
                "id": 7,
                "name": "\u23f3 Time Traveller",
                "points": 1000,
                "solves": 0
            },
            {
                "category": "Reverse Engineering",
                "description": "Seorang raja selalu memiliki **tanda tangan rahasia** yang tidak pernah diketahui orang lain ~, tapi hati-hati soal ini agak *weebyuw*.\r\n\r\nDownload attachment-nya [disini](https://expo.dev/artifacts/eas/rGdYoBNuxoi3c135iTXsz8.apk)\r\n\r\nAuthor: Chrisando (siahaan#9550)",
                "files": [],
                "hints": [
                    "-"
                ],
                "id": 20,
                "name": "\ud83d\udc51 End Game",
                "points": 1000,
                "solves": 0
            }
        ],
        "USER": [
            {
                "category": "USER",
                "description": "",
                "files": [],
                "hints": [
                    "-"
                ],
                "id": 72,
                "name": "19216857120",
                "points": 900,
                "solves": 6
            },
            {
                "category": "USER",
                "description": "",
                "files": [],
                "hints": [
                    "-"
                ],
                "id": 38,
                "name": "19216857103",
                "points": 900,
                "solves": 7
            },
            {
                "category": "USER",
                "description": "",
                "files": [],
                "hints": [
                    "-"
                ],
                "id": 60,
                "name": "19216857114",
                "points": 900,
                "solves": 7
            },
            {
                "category": "USER",
                "description": "",
                "files": [],
                "hints": [
                    "-"
                ],
                "id": 50,
                "name": "19216857109",
                "points": 900,
                "solves": 7
            },
            {
                "category": "USER",
                "description": "",
                "files": [],
                "hints": [
                    "-"
                ],
                "id": 54,
                "name": "19216857111",
                "points": 931,
                "solves": 6
            },
            {
                "category": "USER",
                "description": "",
                "files": [],
                "hints": [
                    "-"
                ],
                "id": 52,
                "name": "19216857110",
                "points": 900,
                "solves": 7
            },
            {
                "category": "USER",
                "description": "",
                "files": [],
                "hints": [
                    "-"
                ],
                "id": 70,
                "name": "19216857119",
                "points": 900,
                "solves": 7
            },
            {
                "category": "USER",
                "description": "",
                "files": [],
                "hints": [
                    "-"
                ],
                "id": 58,
                "name": "19216857113",
                "points": 931,
                "solves": 5
            },
            {
                "category": "USER",
                "description": "",
                "files": [],
                "hints": [
                    "-"
                ],
                "id": 34,
                "name": "19216857101",
                "points": 931,
                "solves": 6
            },
            {
                "category": "USER",
                "description": "",
                "files": [],
                "hints": [
                    "-"
                ],
                "id": 44,
                "name": "19216857106",
                "points": 900,
                "solves": 6
            },
            {
                "category": "USER",
                "description": "",
                "files": [],
                "hints": [
                    "-"
                ],
                "id": 66,
                "name": "19216857117",
                "points": 931,
                "solves": 6
            },
            {
                "category": "USER",
                "description": "",
                "files": [],
                "hints": [
                    "-"
                ],
                "id": 74,
                "name": "19216857121",
                "points": 900,
                "solves": 7
            },
            {
                "category": "USER",
                "description": "",
                "files": [],
                "hints": [
                    "-"
                ],
                "id": 36,
                "name": "19216857102",
                "points": 975,
                "solves": 4
            },
            {
                "category": "USER",
                "description": "",
                "files": [],
                "hints": [
                    "-"
                ],
                "id": 62,
                "name": "19216857115",
                "points": 975,
                "solves": 4
            },
            {
                "category": "USER",
                "description": "",
                "files": [],
                "hints": [
                    "-"
                ],
                "id": 64,
                "name": "19216857116",
                "points": 900,
                "solves": 7
            },
            {
                "category": "USER",
                "description": "",
                "files": [],
                "hints": [
                    "-"
                ],
                "id": 40,
                "name": "19216857104",
                "points": 931,
                "solves": 6
            },
            {
                "category": "USER",
                "description": "",
                "files": [],
                "hints": [
                    "-"
                ],
                "id": 42,
                "name": "19216857105",
                "points": 975,
                "solves": 4
            },
            {
                "category": "USER",
                "description": "",
                "files": [],
                "hints": [
                    "-"
                ],
                "id": 56,
                "name": "19216857112",
                "points": 956,
                "solves": 5
            },
            {
                "category": "USER",
                "description": "",
                "files": [],
                "hints": [
                    "-"
                ],
                "id": 46,
                "name": "19216857107",
                "points": 975,
                "solves": 4
            },
            {
                "category": "USER",
                "description": "",
                "files": [],
                "hints": [
                    "-"
                ],
                "id": 48,
                "name": "19216857108",
                "points": 975,
                "solves": 4
            },
            {
                "category": "USER",
                "description": "",
                "files": [],
                "hints": [
                    "-"
                ],
                "id": 76,
                "name": "19216857122",
                "points": 975,
                "solves": 4
            },
            {
                "category": "USER",
                "description": "",
                "files": [],
                "hints": [
                    "-"
                ],
                "id": 68,
                "name": "19216857118",
                "points": 975,
                "solves": 4
            }
        ],
        "Web Exploitation": [
            {
                "category": "Web Exploitation",
                "description": "Kalau di atas ada awan, di Boston ada **pesan rahasia**.\r\n\r\nAuthor: Chrisando (siahaan#9550)",
                "files": [],
                "hints": [
                    "Heads up. Kita bisa menggunakan file peta (map) untuk membantu menemukan flag yang tersembunyi pada data yang sst\u2026private. Mungkin cari nya di dalam graph?"
                ],
                "id": 17,
                "name": "\ud83c\udfd9 Camp Boston",
                "points": 1000,
                "solves": 0
            },
            {
                "category": "Web Exploitation",
                "description": "Apakah kamu pernah pergi ke Thailand? Rasanya sangat *geeky-leeky*.\r\n\r\nAuthor: Chrisando (siahaan#9550)",
                "files": [],
                "hints": [
                    "Ada sebuah graph, tapi graph tidak menyimpan data. Graph hanya membantu merepresentasikan data. Kalau begitu datanya disimpan dimana? Bisa di inject?"
                ],
                "id": 16,
                "name": "\ud83e\udd90 Camp Thai",
                "points": 1000,
                "solves": 0
            },
            {
                "category": "Web Exploitation",
                "description": "C-TICK!!!! File size berkurang, lalu apa lagi ??\r\n\r\n**FLAG** ada pada `/flag.txt`\r\n\r\nAuthor: Chrisando (siahaan#9550)",
                "files": [
                    "/files/fb1d9a5cdd0738b84e9499a7f0ade5f7/thanos-crystal.zip?token=.eJyrViotTi2Kz0xRsjLUUSpJTcyFsdMyc1LBbCPjWgDztwwc.ZG9gEA.IypcKZaymwN0vjYNOOpCXHVsruY"
                ],
                "hints": [
                    "Siapa yang sedang diEVALuasi? Bukan kuncinya\u00a0tentunya."
                ],
                "id": 18,
                "name": "\ud83d\udc8e Thanos Mind",
                "points": 1000,
                "solves": 0
            }
        ],
        "category1": [
            {
                "category": "category1",
                "description": "challenge description",
                "files": [],
                "hints": [
                    "-"
                ],
                "id": 33,
                "name": "challenge1",
                "points": 100,
                "solves": 0
            }
        ]
    },
    "title": "LKS Jember",
    "url": "https://ctfd.tujuhlangit.cloud"
}